{
  "swagger": "2.0",
  "info": {
    "version": "v1",
    "title": "AsanFinance"
  },
  "host": "test.asanfinance.gov.az:8080",
  "schemes": [
    "http"
  ],
  "paths": {
    "/api/v1/Balance": {
      "post": {
        "tags": [
          "Balance"
        ],
        "summary": "Balans haqqında məlumat",
        "operationId": "Balance_Get",
        "consumes": [
          "application/json",
          "text/json",
          "application/xml",
          "text/xml",
          "application/x-www-form-urlencoded"
        ],
        "produces": [
          "application/json",
          "text/json",
          "application/xml",
          "text/xml"
        ],
        "parameters": [
          {
            "name": "request",
            "in": "body",
            "description": "",
            "required": true,
            "schema": {
              "$ref": "#/definitions/BalanceRequest"
            }
          },
          {
            "name": "ApiKey",
            "in": "header",
            "required": true,
            "type": "string"
          },
          {
            "name": "RequestIdentifier",
            "in": "header",
            "required": false,
            "type": "string"
          }
        ],
        "responses": {
          "200": {
            "description": "OK",
            "schema": {
              "$ref": "#/definitions/MainResult[BalanceResponse]"
            }
          }
        }
      }
    },
    "/api/v1/DMXInfo/{pin}": {
      "get": {
        "tags": [
          "DMXInfo"
        ],
        "summary": "Finə görə müvəqqəti və ya daimi yaşama icazəsi olan vətəndaşlar barədə məlumatların verilməsi",
        "operationId": "DMXInfo_Get",
        "consumes": [],
        "produces": [
          "application/json",
          "text/json",
          "application/xml",
          "text/xml"
        ],
        "parameters": [
          {
            "name": "pin",
            "in": "path",
            "description": "Miqrasiya FİN nömrəsi",
            "required": true,
            "type": "string"
          },
          {
            "name": "ApiKey",
            "in": "header",
            "required": true,
            "type": "string"
          },
          {
            "name": "RequestIdentifier",
            "in": "header",
            "required": false,
            "type": "string"
          }
        ],
        "responses": {
          "200": {
            "description": "OK",
            "schema": {
              "$ref": "#/definitions/MainResult[DMXInfoResponse]"
            }
          }
        }
      }
    },
    "/api/v1/DMXInfo/PinAndBirthDate": {
      "get": {
        "tags": [
          "DMXInfo"
        ],
        "operationId": "DMXInfo_PinAndBirthDate",
        "consumes": [],
        "produces": [
          "application/json",
          "text/json",
          "application/xml",
          "text/xml"
        ],
        "parameters": [
          {
            "name": "pin",
            "in": "query",
            "required": true,
            "type": "string"
          },
          {
            "name": "birthDate",
            "in": "query",
            "required": true,
            "type": "string"
          },
          {
            "name": "ApiKey",
            "in": "header",
            "required": true,
            "type": "string"
          },
          {
            "name": "RequestIdentifier",
            "in": "header",
            "required": false,
            "type": "string"
          }
        ],
        "responses": {
          "200": {
            "description": "OK",
            "schema": {
              "$ref": "#/definitions/MainResult[DMXInfoByPinAndBirthDateResponse]"
            }
          }
        }
      }
    },
    "/api/v1/EmployeeInfo/{pin}": {
      "get": {
        "tags": [
          "EmployeeInfo"
        ],
        "summary": "Fərdi İdentifikasiya Nömrəsinə (FİN) görə şəxsin iş yeri məlumatlarının verilməsi",
        "operationId": "EmployeeInfo_Get",
        "consumes": [],
        "produces": [
          "application/json",
          "text/json",
          "application/xml",
          "text/xml"
        ],
        "parameters": [
          {
            "name": "pin",
            "in": "path",
            "description": "Fərdi İdentifikasiya Nömrəsi",
            "required": true,
            "type": "string"
          },
          {
            "name": "ApiKey",
            "in": "header",
            "required": true,
            "type": "string"
          },
          {
            "name": "RequestIdentifier",
            "in": "header",
            "required": false,
            "type": "string"
          }
        ],
        "responses": {
          "200": {
            "description": "OK",
            "schema": {
              "$ref": "#/definitions/MainResult[EmployeeInfoResponse]"
            }
          }
        }
      }
    },
    "/api/v2/EmployeeInfo/{pin}": {
      "get": {
        "tags": [
          "EmployeeInfo"
        ],
        "summary": "FİN əsasında aktiv və deaktiv iş yeri məlumatlarının ötürülməsi servisi",
        "operationId": "EmployeeInfo_GetV2",
        "consumes": [],
        "produces": [
          "application/json",
          "text/json",
          "application/xml",
          "text/xml"
        ],
        "parameters": [
          {
            "name": "pin",
            "in": "path",
            "description": "Fərdi İdentifikasiya Nömrəsi",
            "required": true,
            "type": "string"
          },
          {
            "name": "ApiKey",
            "in": "header",
            "required": true,
            "type": "string"
          },
          {
            "name": "RequestIdentifier",
            "in": "header",
            "required": false,
            "type": "string"
          }
        ],
        "responses": {
          "200": {
            "description": "OK",
            "schema": {
              "$ref": "#/definitions/MainResult[EmployeeInfoResultV2]"
            }
          }
        }
      }
    },
    "/api/v1/FarmInfo/Pin/{pin}": {
      "get": {
        "tags": [
          "FarmInfo"
        ],
        "summary": "Fərdi İdentifikasiya Nömrəsinə (FİN) görə təsərrüfat məlumatları",
        "operationId": "FarmInfo_Pin",
        "consumes": [],
        "produces": [
          "application/json",
          "text/json",
          "application/xml",
          "text/xml"
        ],
        "parameters": [
          {
            "name": "pin",
            "in": "path",
            "description": "Fərdi İdentifikasiya Nömrəsi",
            "required": true,
            "type": "string"
          },
          {
            "name": "ApiKey",
            "in": "header",
            "required": true,
            "type": "string"
          },
          {
            "name": "RequestIdentifier",
            "in": "header",
            "required": false,
            "type": "string"
          }
        ],
        "responses": {
          "200": {
            "description": "OK",
            "schema": {
              "$ref": "#/definitions/MainResult[FarmInfoData]"
            }
          }
        }
      }
    },
    "/api/v1/FarmInfo/Voen/{voen}": {
      "get": {
        "tags": [
          "FarmInfo"
        ],
        "summary": "Vergi Ödəyicinin Eyniləşdirmə Nömrəsinə (VÖEN) görə təsərrüfat məlumatları",
        "operationId": "FarmInfo_Voen",
        "consumes": [],
        "produces": [
          "application/json",
          "text/json",
          "application/xml",
          "text/xml"
        ],
        "parameters": [
          {
            "name": "voen",
            "in": "path",
            "description": "Vergi Ödəyicinin Eyniləşdirmə Nömrəsinə",
            "required": true,
            "type": "string"
          },
          {
            "name": "ApiKey",
            "in": "header",
            "required": true,
            "type": "string"
          },
          {
            "name": "RequestIdentifier",
            "in": "header",
            "required": false,
            "type": "string"
          }
        ],
        "responses": {
          "200": {
            "description": "OK",
            "schema": {
              "$ref": "#/definitions/MainResult[FarmInfoData]"
            }
          }
        }
      }
    },
    "/api/v1/ForeignPassportInfo/{pin}": {
      "get": {
        "tags": [
          "ForeignPassportInfo"
        ],
        "summary": "Fərdi İdentifikasiya Nömrəsinə (FİN) görə ümumvətəndaş pasportuna dair məlumatların verilməsi",
        "operationId": "ForeignPassportInfo_Get",
        "consumes": [],
        "produces": [
          "application/json",
          "text/json",
          "application/xml",
          "text/xml"
        ],
        "parameters": [
          {
            "name": "pin",
            "in": "path",
            "description": "Fərdi İdentifikasiya Nömrəsi",
            "required": true,
            "type": "string"
          },
          {
            "name": "ApiKey",
            "in": "header",
            "required": true,
            "type": "string"
          },
          {
            "name": "RequestIdentifier",
            "in": "header",
            "required": false,
            "type": "string"
          }
        ],
        "responses": {
          "200": {
            "description": "OK",
            "schema": {
              "$ref": "#/definitions/MainResult[ForeignPassportInfoResponse]"
            }
          }
        }
      }
    },
    "/api/v1/PensionInfo/{pin}": {
      "get": {
        "tags": [
          "PensionInfo"
        ],
        "summary": "FİN əsasında vətəndaşın təqaüd məlumatlarının əldə edilməsi",
        "operationId": "PensionInfo_Get",
        "consumes": [],
        "produces": [
          "application/json",
          "text/json",
          "application/xml",
          "text/xml"
        ],
        "parameters": [
          {
            "name": "pin",
            "in": "path",
            "description": "Fərdi İdentifikasiya Nömrəsi",
            "required": true,
            "type": "string"
          },
          {
            "name": "ApiKey",
            "in": "header",
            "required": true,
            "type": "string"
          },
          {
            "name": "RequestIdentifier",
            "in": "header",
            "required": false,
            "type": "string"
          }
        ],
        "responses": {
          "200": {
            "description": "OK",
            "schema": {
              "$ref": "#/definitions/MainResult[PensionDetailResponse]"
            }
          }
        }
      }
    },
    "/api/v2/PensionInfo/{pin}": {
      "get": {
        "tags": [
          "PensionInfo"
        ],
        "summary": "FİN əsasında pensiya və sosial müavinət məlumatlarının ötürülməsi servisi",
        "operationId": "PensionInfo_GetV2",
        "consumes": [],
        "produces": [
          "application/json",
          "text/json",
          "application/xml",
          "text/xml"
        ],
        "parameters": [
          {
            "name": "pin",
            "in": "path",
            "description": "Fərdi İdentifikasiya Nömrəsi",
            "required": true,
            "type": "string"
          },
          {
            "name": "ApiKey",
            "in": "header",
            "required": true,
            "type": "string"
          },
          {
            "name": "RequestIdentifier",
            "in": "header",
            "required": false,
            "type": "string"
          }
        ],
        "responses": {
          "200": {
            "description": "OK",
            "schema": {
              "$ref": "#/definitions/MainResult[PensionInfoV2Result]"
            }
          }
        }
      }
    },
    "/api/v1/PersonalInfo/{pin}": {
      "get": {
        "tags": [
          "PersonalInfo"
        ],
        "summary": "Fərdi İdentifikasiya Nömrəsinə (FİN) görə şəxsin fərdi məlumatlarının verilməsi",
        "operationId": "PersonalInfo_Get",
        "consumes": [],
        "produces": [
          "application/json",
          "text/json",
          "application/xml",
          "text/xml"
        ],
        "parameters": [
          {
            "name": "pin",
            "in": "path",
            "description": "Fərdi İdentifikasiya Nömrəsi",
            "required": true,
            "type": "string"
          },
          {
            "name": "ApiKey",
            "in": "header",
            "required": true,
            "type": "string"
          },
          {
            "name": "RequestIdentifier",
            "in": "header",
            "required": false,
            "type": "string"
          }
        ],
        "responses": {
          "200": {
            "description": "OK",
            "schema": {
              "$ref": "#/definitions/MainResult[PersonInfoResponse]"
            }
          }
        }
      }
    },
    "/api/v1/PersonalInfo/PinAndBirthDate": {
      "get": {
        "tags": [
          "PersonalInfo"
        ],
        "summary": "FİN və doğum tarixi əsasında ad soyad və ata adı məlumatları",
        "operationId": "PersonalInfo_PinAndBirthDate",
        "consumes": [],
        "produces": [
          "application/json",
          "text/json",
          "application/xml",
          "text/xml"
        ],
        "parameters": [
          {
            "name": "Pin",
            "in": "query",
            "description": "Fərdi İdentifikasiya Nömrəsi",
            "required": true,
            "type": "string"
          },
          {
            "name": "BirthDate",
            "in": "query",
            "description": "Doğum tarixi",
            "required": true,
            "type": "string"
          },
          {
            "name": "ApiKey",
            "in": "header",
            "required": true,
            "type": "string"
          },
          {
            "name": "RequestIdentifier",
            "in": "header",
            "required": false,
            "type": "string"
          }
        ],
        "responses": {
          "200": {
            "description": "OK",
            "schema": {
              "$ref": "#/definitions/MainResult[PersonalInfoByPinAndBirthDateResponse]"
            }
          }
        }
      }
    },
    "/api/v1/PersonalInfo/All/{pin}": {
      "get": {
        "tags": [
          "PersonalInfo"
        ],
        "summary": "Fərdi İdentifikasiya Nömrəsinə (FİN) görə şəxsin fərdi məlumatlarının verilməsi",
        "operationId": "PersonalInfo_All",
        "consumes": [],
        "produces": [
          "application/json",
          "text/json",
          "application/xml",
          "text/xml"
        ],
        "parameters": [
          {
            "name": "pin",
            "in": "path",
            "description": "Fərdi İdentifikasiya Nömrəsi",
            "required": true,
            "type": "string"
          },
          {
            "name": "ApiKey",
            "in": "header",
            "required": true,
            "type": "string"
          },
          {
            "name": "RequestIdentifier",
            "in": "header",
            "required": false,
            "type": "string"
          }
        ],
        "responses": {
          "200": {
            "description": "OK",
            "schema": {
              "$ref": "#/definitions/MainResult[List[PersonInfoResponse]]"
            }
          }
        }
      }
    },
    "/api/v1/PersonalInfo/PinByASA": {
      "get": {
        "tags": [
          "PersonalInfo"
        ],
        "summary": "Ad,Soyad və Ata adı əsasında Fərdi İdentifikasiya Nömrəsi (FİN) məlumatları",
        "operationId": "PersonalInfo_PinByASA",
        "consumes": [],
        "produces": [
          "application/json",
          "text/json",
          "application/xml",
          "text/xml"
        ],
        "parameters": [
          {
            "name": "Name",
            "in": "query",
            "description": "Ad",
            "required": true,
            "type": "string"
          },
          {
            "name": "BirthDate",
            "in": "query",
            "description": "Doğum tarixi",
            "required": true,
            "type": "string"
          },
          {
            "name": "Surname",
            "in": "query",
            "description": "Soyad",
            "required": true,
            "type": "string"
          },
          {
            "name": "Patronymic",
            "in": "query",
            "description": "Ata adı",
            "required": true,
            "type": "string"
          },
          {
            "name": "ApiKey",
            "in": "header",
            "required": true,
            "type": "string"
          },
          {
            "name": "RequestIdentifier",
            "in": "header",
            "required": false,
            "type": "string"
          }
        ],
        "responses": {
          "200": {
            "description": "OK",
            "schema": {
              "$ref": "#/definitions/MainResult[PinByASAResponse]"
            }
          }
        }
      }
    },
    "/api/v1/QHT/Contract/{VOEN}": {
      "get": {
        "tags": [
          "QHT"
        ],
        "summary": "QHT-lərə ayrılmış qrant vəsaiti haqqında məlumatların əldə olunması",
        "operationId": "QHT_Get",
        "consumes": [],
        "produces": [
          "application/json",
          "text/json",
          "application/xml",
          "text/xml"
        ],
        "parameters": [
          {
            "name": "VOEN",
            "in": "path",
            "description": "Vergi Ödəyicisinin Eyniləşdirmə Nömrəsi",
            "required": true,
            "type": "string"
          },
          {
            "name": "ApiKey",
            "in": "header",
            "required": true,
            "type": "string"
          },
          {
            "name": "RequestIdentifier",
            "in": "header",
            "required": false,
            "type": "string"
          }
        ],
        "responses": {
          "200": {
            "description": "OK",
            "schema": {
              "$ref": "#/definitions/MainResult[ContractResponse]"
            }
          }
        }
      }
    },
    "/api/v1/Socials/ReliefDetails/{pin}": {
      "get": {
        "tags": [
          "Socials"
        ],
        "summary": "FİN əsasında ünvanlı sosial yardım məlumatlarının ötürülməsi servsisi",
        "operationId": "Socials_ReliefDetails",
        "consumes": [],
        "produces": [
          "application/json",
          "text/json",
          "application/xml",
          "text/xml"
        ],
        "parameters": [
          {
            "name": "pin",
            "in": "path",
            "description": "Fərdi İdentifikasiya Nömrəsi",
            "required": true,
            "type": "string"
          },
          {
            "name": "ApiKey",
            "in": "header",
            "required": true,
            "type": "string"
          },
          {
            "name": "RequestIdentifier",
            "in": "header",
            "required": false,
            "type": "string"
          }
        ],
        "responses": {
          "200": {
            "description": "OK",
            "schema": {
              "$ref": "#/definitions/MainResult[SocialsDetailsResult]"
            }
          }
        }
      }
    },
    "/api/v1/VINInfo/{VIN}": {
      "get": {
        "tags": [
          "VINInfo"
        ],
        "summary": "VIN-ə görə şəxsin məlumatlarının əldə edilməsi",
        "operationId": "VINInfo_Get",
        "consumes": [],
        "produces": [
          "application/json",
          "text/json",
          "application/xml",
          "text/xml"
        ],
        "parameters": [
          {
            "name": "VIN",
            "in": "path",
            "description": "Virtual İdentifikasiya Nömrəsi",
            "required": true,
            "type": "string"
          },
          {
            "name": "ApiKey",
            "in": "header",
            "required": true,
            "type": "string"
          },
          {
            "name": "RequestIdentifier",
            "in": "header",
            "required": false,
            "type": "string"
          }
        ],
        "responses": {
          "200": {
            "description": "OK",
            "schema": {
              "$ref": "#/definitions/MainResult[VINInfoResponse]"
            }
          }
        }
      }
    },
    "/api/v1/VoenInfo/{VOEN}": {
      "get": {
        "tags": [
          "VoenInfo"
        ],
        "summary": "VÖEN-ə görə fiziki və hüquqi şəxsin məlumatlarının əldə edilməsi",
        "operationId": "VoenInfo_Get",
        "consumes": [],
        "produces": [
          "application/json",
          "text/json",
          "application/xml",
          "text/xml"
        ],
        "parameters": [
          {
            "name": "VOEN",
            "in": "path",
            "description": "VÖEN",
            "required": true,
            "type": "string"
          },
          {
            "name": "ApiKey",
            "in": "header",
            "required": true,
            "type": "string"
          },
          {
            "name": "RequestIdentifier",
            "in": "header",
            "required": false,
            "type": "string"
          }
        ],
        "responses": {
          "200": {
            "description": "OK",
            "schema": {
              "$ref": "#/definitions/MainResult[VoenInfoResponse]"
            }
          }
        }
      }
    }
  },
  "definitions": {
    "BalanceRequest": {
      "type": "object",
      "properties": {
        "StartDate": {
          "type": "string"
        },
        "EndDate": {
          "type": "string"
        },
        "Offset": {
          "format": "int32",
          "maximum": 2147483647,
          "minimum": 0,
          "type": "integer"
        },
        "Limit": {
          "format": "int32",
          "maximum": 2147483647,
          "minimum": 1,
          "type": "integer"
        }
      }
    },
    "MainResult[BalanceResponse]": {
      "type": "object",
      "properties": {
        "RequestIdentifier": {
          "format": "uuid",
          "type": "string",
          "readOnly": true,
          "example": "00000000-0000-0000-0000-000000000000"
        },
        "Status": {
          "$ref": "#/definitions/ResultStatus"
        },
        "Response": {
          "$ref": "#/definitions/BalanceResponse"
        }
      }
    },
    "ResultStatus": {
      "type": "object",
      "properties": {
        "Name": {
          "type": "string"
        },
        "Code": {
          "format": "int32",
          "type": "integer"
        },
        "Message": {
          "type": "string"
        }
      }
    },
    "BalanceResponse": {
      "type": "object",
      "properties": {
        "Balance": {
          "format": "double",
          "type": "number"
        },
        "PaymentCount": {
          "format": "int32",
          "type": "integer"
        },
        "Payments": {
          "type": "array",
          "items": {
            "$ref": "#/definitions/BalanceResponsePayment"
          }
        },
        "ExpenseCount": {
          "format": "int32",
          "type": "integer"
        },
        "Expenses": {
          "type": "array",
          "items": {
            "$ref": "#/definitions/BalanceResponseExpense"
          }
        }
      }
    },
    "BalanceResponsePayment": {
      "type": "object",
      "properties": {
        "Date": {
          "type": "string"
        },
        "Amount": {
          "format": "float",
          "type": "number"
        }
      }
    },
    "BalanceResponseExpense": {
      "type": "object",
      "properties": {
        "Value": {
          "type": "string"
        },
        "Date": {
          "type": "string"
        },
        "Service": {
          "type": "string"
        },
        "Amount": {
          "format": "double",
          "type": "number"
        },
        "RequestIdentifier": {
          "format": "uuid",
          "type": "string",
          "example": "00000000-0000-0000-0000-000000000000"
        },
        "IpAddress": {
          "type": "string"
        }
      }
    },
    "MainResult[DMXInfoResponse]": {
      "type": "object",
      "properties": {
        "RequestIdentifier": {
          "format": "uuid",
          "type": "string",
          "readOnly": true,
          "example": "00000000-0000-0000-0000-000000000000"
        },
        "Status": {
          "$ref": "#/definitions/ResultStatus"
        },
        "Response": {
          "$ref": "#/definitions/DMXInfoResponse"
        }
      }
    },
    "DMXInfoResponse": {
      "required": [
        "PIN",
        "Name",
        "BirthDate",
        "BirthAddress",
        "Gender",
        "GivenDate",
        "Citizenship"
      ],
      "type": "object",
      "properties": {
        "PIN": {
          "type": "string"
        },
        "Name": {
          "type": "string"
        },
        "Surname": {
          "type": "string"
        },
        "DocumentNumber": {
          "type": "string"
        },
        "DocumentType": {
          "type": "string"
        },
        "BirthDate": {
          "type": "string"
        },
        "BirthAddress": {
          "type": "string"
        },
        "Gender": {
          "type": "string"
        },
        "RegistrationAddress": {
          "$ref": "#/definitions/DMXInfoAddress"
        },
        "ExpireDate": {
          "type": "string"
        },
        "GivenDate": {
          "type": "string"
        },
        "Citizenship": {
          "type": "string"
        },
        "Image": {
          "type": "string"
        }
      }
    },
    "DMXInfoAddress": {
      "type": "object",
      "properties": {
        "Flat": {
          "type": "string"
        },
        "House": {
          "type": "string"
        },
        "Place": {
          "type": "string"
        },
        "RegionName": {
          "type": "string"
        },
        "Section": {
          "type": "string"
        },
        "Street": {
          "type": "string"
        }
      }
    },
    "MainResult[DMXInfoByPinAndBirthDateResponse]": {
      "type": "object",
      "properties": {
        "RequestIdentifier": {
          "format": "uuid",
          "type": "string",
          "readOnly": true,
          "example": "00000000-0000-0000-0000-000000000000"
        },
        "Status": {
          "$ref": "#/definitions/ResultStatus"
        },
        "Response": {
          "$ref": "#/definitions/DMXInfoByPinAndBirthDateResponse"
        }
      }
    },
    "DMXInfoByPinAndBirthDateResponse": {
      "required": [
        "Name"
      ],
      "type": "object",
      "properties": {
        "Name": {
          "type": "string"
        },
        "Surname": {
          "type": "string"
        }
      }
    },
    "MainResult[EmployeeInfoResponse]": {
      "type": "object",
      "properties": {
        "RequestIdentifier": {
          "format": "uuid",
          "type": "string",
          "readOnly": true,
          "example": "00000000-0000-0000-0000-000000000000"
        },
        "Status": {
          "$ref": "#/definitions/ResultStatus"
        },
        "Response": {
          "$ref": "#/definitions/EmployeeInfoResponse"
        }
      }
    },
    "EmployeeInfoResponse": {
      "type": "object",
      "properties": {
        "Active": {
          "type": "array",
          "items": {
            "$ref": "#/definitions/EmployeeInfoMain"
          }
        },
        "Deactive": {
          "type": "array",
          "items": {
            "$ref": "#/definitions/EmployeeInfoOther"
          }
        }
      }
    },
    "EmployeeInfoMain": {
      "type": "object",
      "properties": {
        "Employer": {
          "$ref": "#/definitions/Employer"
        },
        "EmployeeInfo": {
          "$ref": "#/definitions/EmployeeInfo"
        }
      }
    },
    "EmployeeInfoOther": {
      "type": "object",
      "properties": {
        "Employer": {
          "$ref": "#/definitions/Employer"
        },
        "EmployeeInfo": {
          "$ref": "#/definitions/EmployeeInfo"
        }
      }
    },
    "Employer": {
      "required": [
        "Name"
      ],
      "type": "object",
      "properties": {
        "TaxNumber": {
          "type": "string"
        },
        "Name": {
          "type": "string"
        },
        "Phones": {
          "type": "string"
        },
        "LegalAddress": {
          "type": "string"
        },
        "FactualAddress": {
          "type": "string"
        }
      }
    },
    "EmployeeInfo": {
      "required": [
        "MonthlySalary"
      ],
      "type": "object",
      "properties": {
        "WorkPlaceType": {
          "type": "string"
        },
        "WorkPlace": {
          "type": "string"
        },
        "Position": {
          "type": "string"
        },
        "PositionLaborContract": {
          "type": "string"
        },
        "MonthlySalary": {
          "type": "string"
        },
        "ContractType": {
          "type": "string"
        },
        "ContractBeginDate": {
          "type": "string"
        },
        "ContractSignDate": {
          "type": "string"
        },
        "ContractEndDate": {
          "type": "string"
        },
        "WorkCasualType": {
          "type": "string"
        },
        "SocialSecurityNumber": {
          "type": "string"
        },
        "ContractNumber": {
          "type": "string"
        },
        "ContractStatus": {
          "type": "string"
        }
      }
    },
    "MainResult[EmployeeInfoResultV2]": {
      "type": "object",
      "properties": {
        "RequestIdentifier": {
          "format": "uuid",
          "type": "string",
          "readOnly": true,
          "example": "00000000-0000-0000-0000-000000000000"
        },
        "Status": {
          "$ref": "#/definitions/ResultStatus"
        },
        "Response": {
          "$ref": "#/definitions/EmployeeInfoResultV2"
        }
      }
    },
    "EmployeeInfoResultV2": {
      "type": "object",
      "properties": {
        "Active": {
          "type": "array",
          "items": {
            "$ref": "#/definitions/ActiveEmployeeInfo"
          }
        },
        "Deactive": {
          "type": "array",
          "items": {
            "$ref": "#/definitions/PassiveEmployeeInfo"
          }
        }
      }
    },
    "ActiveEmployeeInfo": {
      "required": [
        "Employer",
        "Employee",
        "Contract"
      ],
      "type": "object",
      "properties": {
        "Employer": {
          "$ref": "#/definitions/BridgeEmployerInfo"
        },
        "Employee": {
          "$ref": "#/definitions/BridgeEmployeeInfo"
        },
        "Contract": {
          "$ref": "#/definitions/BridgeContractInfo"
        }
      }
    },
    "PassiveEmployeeInfo": {
      "required": [
        "Employer",
        "Employee",
        "Contract"
      ],
      "type": "object",
      "properties": {
        "Employer": {
          "$ref": "#/definitions/BridgePassiveEmployerInfo"
        },
        "Employee": {
          "$ref": "#/definitions/BridgePassiveEmployeeInfo"
        },
        "Contract": {
          "$ref": "#/definitions/BridgePassiveContractInfo"
        }
      }
    },
    "BridgeEmployerInfo": {
      "required": [
        "Voen",
        "Name",
        "WorkerCount",
        "Phone",
        "LegalAddress"
      ],
      "type": "object",
      "properties": {
        "Voen": {
          "type": "string"
        },
        "Name": {
          "type": "string"
        },
        "WorkerCount": {
          "format": "int32",
          "type": "integer"
        },
        "Phone": {
          "type": "string"
        },
        "LegalAddress": {
          "type": "string"
        },
        "PropertyType":{
            "$ref":"#/definitions/PropertyType"
         }
      }
    },
    "PropertyType":{
        "type":"object",
        "properties":{
           "Label":{
              "type":"string"
           },
           "Description":{
              "type":"string"
           }
        }
     },
    "BridgeEmployeeInfo": {
      "required": [
        "Name",
        "Surname",
        "Patronymic",
        "WorkPlaceType",
        "WorkPlace",
        "Position",
        "PositionLabourContract",
        "Salary",
        "WorkCasualType",
        "SSN"
      ],
      "type": "object",
      "properties": {
        "Name": {
          "type": "string"
        },
        "Surname": {
          "type": "string"
        },
        "Patronymic": {
          "type": "string"
        },
        "Phone": {
          "type": "string"
        },
        "WorkPlaceType": {
          "$ref": "#/definitions/EmployeeWorkPlaceType"
        },
        "WorkPlace": {
          "type": "string"
        },
        "Position": {
          "type": "string"
        },
        "PositionLabourContract": {
          "type": "string"
        },
        "Salary": {
          "format": "double",
          "type": "number"
        },
        "WorkCasualType": {
          "$ref": "#/definitions/EmployeeWorkCasualType"
        },
        "SSN": {
          "type": "string"
        }
      }
    },
    "BridgeContractInfo": {
      "required": [
        "BeginDate",
        "SignDate",
        "InsertDate",
        "EndDate",
        "NextEndDate",
        "PeriodType",
        "Number",
        "Status"
      ],
      "type": "object",
      "properties": {
        "BeginDate": {
          "type": "string"
        },
        "SignDate": {
          "type": "string"
        },
        "InsertDate": {
          "type": "string"
        },
        "EndDate": {
          "type": "string"
        },
        "NextEndDate": {
          "type": "string"
        },
        "PeriodType": {
          "$ref": "#/definitions/ContractPeriodType"
        },
        "Number": {
          "type": "string"
        },
        "Status": {
          "$ref": "#/definitions/ContractStatus"
        }
      }
    },
    "BridgePassiveEmployerInfo": {
      "required": [
        "Name"
      ],
      "type": "object",
      "properties": {
        "Name": {
          "type": "string"
        }
      }
    },
    "BridgePassiveEmployeeInfo": {
      "required": [
        "Position",
        "Salary"
      ],
      "type": "object",
      "properties": {
        "Position": {
          "type": "string"
        },
        "Salary": {
          "format": "double",
          "type": "number"
        }
      }
    },
    "BridgePassiveContractInfo": {
      "required": [
        "BeginDate",
        "EndDate"
      ],
      "type": "object",
      "properties": {
        "BeginDate": {
          "type": "string"
        },
        "EndDate": {
          "type": "string"
        }
      }
    },
    "EmployeeWorkPlaceType": {
      "type": "object",
      "properties": {
        "Label": {
          "type": "string"
        },
        "Description": {
          "type": "string"
        }
      }
    },
    "EmployeeWorkCasualType": {
      "type": "object",
      "properties": {
        "Label": {
          "type": "string"
        },
        "Description": {
          "type": "string"
        }
      }
    },
    "ContractPeriodType": {
      "type": "object",
      "properties": {
        "Label": {
          "type": "string"
        },
        "Description": {
          "type": "string"
        }
      }
    },
    "ContractStatus": {
      "type": "object",
      "properties": {
        "Label": {
          "type": "string"
        },
        "Description": {
          "type": "string"
        }
      }
    },
    "MainResult[FarmInfoData]": {
      "type": "object",
      "properties": {
        "RequestIdentifier": {
          "format": "uuid",
          "type": "string",
          "readOnly": true,
          "example": "00000000-0000-0000-0000-000000000000"
        },
        "Status": {
          "$ref": "#/definitions/ResultStatus"
        },
        "Response": {
          "$ref": "#/definitions/FarmInfoData"
        }
      }
    },
    "FarmInfoData": {
      "type": "object",
      "properties": {
        "Person": {
          "$ref": "#/definitions/FarmInfoPerson"
        },
        "Company": {
          "$ref": "#/definitions/FarmInfoCompany"
        },
        "Farms": {
          "type": "array",
          "items": {
            "$ref": "#/definitions/FarmInfoFarm"
          }
        }
      }
    },
    "FarmInfoPerson": {
      "type": "object",
      "properties": {
        "Pin": {
          "type": "string"
        },
        "LastName": {
          "type": "string"
        },
        "FirstName": {
          "type": "string"
        },
        "FatherName": {
          "type": "string"
        },
        "BirthDate": {
          "type": "string"
        }
      }
    },
    "FarmInfoCompany": {
      "type": "object",
      "properties": {
        "Voen": {
          "type": "string"
        },
        "Name": {
          "type": "string"
        },
        "PersonType": {
          "type": "string"
        },
        "Persons": {
          "type": "array",
          "items": {
            "$ref": "#/definitions/FarmInfoPerson"
          }
        }
      }
    },
    "FarmInfoFarm": {
      "type": "object",
      "properties": {
        "Id": {
          "format": "int64",
          "type": "integer"
        },
        "Name": {
          "type": "string"
        },
        "Fields": {
          "type": "array",
          "items": {
            "$ref": "#/definitions/FarmInfoField"
          }
        },
        "Animals": {
          "type": "array",
          "items": {
            "$ref": "#/definitions/FarmInfoAnimal"
          }
        },
        "Bees": {
          "type": "array",
          "items": {
            "$ref": "#/definitions/FarmInfoBee"
          }
        }
      }
    },
    "FarmInfoField": {
      "type": "object",
      "properties": {
        "VillageName": {
          "type": "string"
        },
        "DocType": {
          "type": "string"
        },
        "FieldAmount": {
          "format": "double",
          "type": "number"
        },
        "Unit": {
          "type": "string"
        },
        "Plants": {
          "type": "array",
          "items": {
            "$ref": "#/definitions/FarmInfoPlant"
          }
        }
      }
    },
    "FarmInfoAnimal": {
      "type": "object",
      "properties": {
        "Sort": {
          "type": "string"
        },
        "Count": {
          "format": "int32",
          "type": "integer"
        }
      }
    },
    "FarmInfoBee": {
      "type": "object",
      "properties": {
        "Sort": {
          "type": "string"
        },
        "Count": {
          "format": "int32",
          "type": "integer"
        }
      }
    },
    "FarmInfoPlant": {
      "type": "object",
      "properties": {
        "Name": {
          "type": "string"
        },
        "FieldAmount": {
          "format": "double",
          "type": "number"
        },
        "Unit": {
          "type": "string"
        }
      }
    },
    "MainResult[ForeignPassportInfoResponse]": {
      "type": "object",
      "properties": {
        "RequestIdentifier": {
          "format": "uuid",
          "type": "string",
          "readOnly": true,
          "example": "00000000-0000-0000-0000-000000000000"
        },
        "Status": {
          "$ref": "#/definitions/ResultStatus"
        },
        "Response": {
          "$ref": "#/definitions/ForeignPassportInfoResponse"
        }
      }
    },
    "ForeignPassportInfoResponse": {
      "required": [
        "PIN",
        "DocumentNumber",
        "Name",
        "ExpireDate",
        "GivenDate"
      ],
      "type": "object",
      "properties": {
        "PIN": {
          "type": "string"
        },
        "DocumentNumber": {
          "type": "string"
        },
        "Name": {
          "type": "string"
        },
        "Surname": {
          "type": "string"
        },
        "Patronymic": {
          "type": "string"
        },
        "BirthDate": {
          "type": "string"
        },
        "ExpireDate": {
          "type": "string"
        },
        "GivenDate": {
          "type": "string"
        },
        "Nationality": {
          "type": "string"
        },
        "Gender": {
          "type": "string"
        },
        "ActivationDate": {
          "type": "string"
        },
        "BirthCountry": {
          "type": "string"
        },
        "GivenOrganization": {
          "type": "string"
        },
        "PassportType": {
          "type": "string"
        }
      }
    },
    "MainResult[PensionDetailResponse]": {
      "type": "object",
      "properties": {
        "RequestIdentifier": {
          "format": "uuid",
          "type": "string",
          "readOnly": true,
          "example": "00000000-0000-0000-0000-000000000000"
        },
        "Status": {
          "$ref": "#/definitions/ResultStatus"
        },
        "Response": {
          "$ref": "#/definitions/PensionDetailResponse"
        }
      }
    },
    "PensionDetailResponse": {
      "required": [
        "Name",
        "Surname"
      ],
      "type": "object",
      "properties": {
        "Name": {
          "type": "string"
        },
        "Surname": {
          "type": "string"
        },
        "Patronymic": {
          "type": "string"
        },
        "PensionType": {
          "type": "string"
        },
        "PensionAmount": {
          "format": "double",
          "type": "number"
        },
        "PensionSetDate": {
          "type": "string"
        }
      }
    },
    "MainResult[PensionInfoV2Result]": {
      "type": "object",
      "properties": {
        "RequestIdentifier": {
          "format": "uuid",
          "type": "string",
          "readOnly": true,
          "example": "00000000-0000-0000-0000-000000000000"
        },
        "Status": {
          "$ref": "#/definitions/ResultStatus"
        },
        "Response": {
          "$ref": "#/definitions/PensionInfoV2Result"
        }
      }
    },
    "PensionInfoV2Result": {
      "type": "object",
      "properties": {
        "Name": {
          "type": "string"
        },
        "Surname": {
          "type": "string"
        },
        "Patronymic": {
          "type": "string"
        },
        "BirthDate": {
          "type": "string"
        },
        "Allowance": {
          "type": "array",
          "items": {
            "$ref": "#/definitions/PensionInfoV2Allowance"
          }
        },
        "Pension": {
          "type": "array",
          "items": {
            "$ref": "#/definitions/PensionInfoV2Pension"
          }
        }
      }
    },
    "PensionInfoV2Allowance": {
      "required": [
        "BeginDate",
        "Type",
        "Group",
        "Amount"
      ],
      "type": "object",
      "properties": {
        "BeginDate": {
          "type": "string"
        },
        "EndDate": {
          "type": "string"
        },
        "Type": {
          "$ref": "#/definitions/PensionInfoV2AllowanceType"
        },
        "Group": {
          "$ref": "#/definitions/PensionInfoV2AllowanceCategoryGroup"
        },
        "Amount": {
          "format": "double",
          "type": "number"
        }
      }
    },
    "PensionInfoV2Pension": {
      "required": [
        "Type",
        "StartDate",
        "Amount"
      ],
      "type": "object",
      "properties": {
        "Type": {
          "$ref": "#/definitions/PensionInfoV2PensionType"
        },
        "StartDate": {
          "type": "string"
        },
        "EndDate": {
          "type": "string"
        },
        "Group": {
          "$ref": "#/definitions/PensionInfoV2DisabilityGroup"
        },
        "Amount": {
          "format": "double",
          "type": "number"
        }
      }
    },
    "PensionInfoV2AllowanceType": {
      "required": [
        "Description",
        "Id"
      ],
      "type": "object",
      "properties": {
        "Description": {
          "type": "string"
        },
        "Id": {
          "format": "int32",
          "type": "integer"
        }
      }
    },
    "PensionInfoV2AllowanceCategoryGroup": {
      "required": [
        "Description",
        "Id"
      ],
      "type": "object",
      "properties": {
        "Description": {
          "type": "string"
        },
        "Id": {
          "format": "int32",
          "type": "integer"
        }
      }
    },
    "PensionInfoV2PensionType": {
      "required": [
        "Label",
        "Id"
      ],
      "type": "object",
      "properties": {
        "Label": {
          "type": "string"
        },
        "Id": {
          "format": "int32",
          "type": "integer"
        },
        "Description": {
          "type": "string"
        }
      }
    },
    "PensionInfoV2DisabilityGroup": {
      "required": [
        "Description",
        "Id"
      ],
      "type": "object",
      "properties": {
        "Description": {
          "type": "string"
        },
        "Id": {
          "format": "int64",
          "type": "integer"
        }
      }
    },
    "MainResult[PersonInfoResponse]": {
      "type": "object",
      "properties": {
        "RequestIdentifier": {
          "format": "uuid",
          "type": "string",
          "readOnly": true,
          "example": "00000000-0000-0000-0000-000000000000"
        },
        "Status": {
          "$ref": "#/definitions/ResultStatus"
        },
        "Response": {
          "$ref": "#/definitions/PersonInfoResponse"
        }
      }
    },
    "PersonInfoResponse": {
      "required": [
        "PIN",
        "DocumentNumber",
        "Name",
        "BirthDate",
        "BirthAddress",
        "Gender",
        "RegistrationAddress",
        "GivenDate",
        "MaritalStatus",
        "GivenOrganization",
        "Citizenship"
      ],
      "type": "object",
      "properties": {
        "PIN": {
          "type": "string"
        },
        "DocumentSeria": {
          "type": "string"
        },
        "DocumentNumber": {
          "type": "string"
        },
        "Name": {
          "type": "string"
        },
        "Surname": {
          "type": "string"
        },
        "NameEn": {
          "type": "string"
        },
        "SurnameEn": {
          "type": "string"
        },
        "Patronymic": {
          "type": "string"
        },
        "BirthDate": {
          "type": "string"
        },
        "BirthAddress": {
          "type": "string"
        },
        "Gender": {
          "type": "string"
        },
        "RegistrationAddress": {
          "type": "string"
        },
        "GivenDate": {
          "type": "string"
        },
        "ActivationDate": {
          "type": "string"
        },
        "ExpireDate": {
          "type": "string"
        },
        "MaritalStatus": {
          "type": "string"
        },
        "GivenOrganization": {
          "type": "string"
        },
        "Citizenship": {
          "type": "string"
        },
        "Image": {
          "type": "string"
        },
        "MilitaryStatus": {
          "type": "string"
        },
        "BloodType": {
          "type": "string"
        },
        "EyeColor": {
          "type": "string"
        },
        "Sign": {
          "type": "string"
        },
        "Height": {
          "format": "int32",
          "type": "integer"
        },
        "Status": {
          "type": "boolean"
        }
      }
    },
    "MainResult[PersonalInfoByPinAndBirthDateResponse]": {
      "type": "object",
      "properties": {
        "RequestIdentifier": {
          "format": "uuid",
          "type": "string",
          "readOnly": true,
          "example": "00000000-0000-0000-0000-000000000000"
        },
        "Status": {
          "$ref": "#/definitions/ResultStatus"
        },
        "Response": {
          "$ref": "#/definitions/PersonalInfoByPinAndBirthDateResponse"
        }
      }
    },
    "PersonalInfoByPinAndBirthDateResponse": {
      "required": [
        "Name",
        "Surname"
      ],
      "type": "object",
      "properties": {
        "Name": {
          "type": "string"
        },
        "Surname": {
          "type": "string"
        },
        "Patronymic": {
          "type": "string"
        }
      }
    },
    "MainResult[List[PersonInfoResponse]]": {
      "type": "object",
      "properties": {
        "RequestIdentifier": {
          "format": "uuid",
          "type": "string",
          "readOnly": true,
          "example": "00000000-0000-0000-0000-000000000000"
        },
        "Status": {
          "$ref": "#/definitions/ResultStatus"
        },
        "Response": {
          "type": "array",
          "items": {
            "$ref": "#/definitions/PersonInfoResponse"
          }
        }
      }
    },
    "MainResult[PinByASAResponse]": {
      "type": "object",
      "properties": {
        "RequestIdentifier": {
          "format": "uuid",
          "type": "string",
          "readOnly": true,
          "example": "00000000-0000-0000-0000-000000000000"
        },
        "Status": {
          "$ref": "#/definitions/ResultStatus"
        },
        "Response": {
          "$ref": "#/definitions/PinByASAResponse"
        }
      }
    },
    "PinByASAResponse": {
      "required": [
        "PIN"
      ],
      "type": "object",
      "properties": {
        "PIN": {
          "type": "string"
        }
      }
    },
    "MainResult[ContractResponse]": {
      "type": "object",
      "properties": {
        "RequestIdentifier": {
          "format": "uuid",
          "type": "string",
          "readOnly": true,
          "example": "00000000-0000-0000-0000-000000000000"
        },
        "Status": {
          "$ref": "#/definitions/ResultStatus"
        },
        "Response": {
          "$ref": "#/definitions/ContractResponse"
        }
      }
    },
    "ContractResponse": {
      "type": "object",
      "properties": {
        "Contracts": {
          "type": "array",
          "items": {
            "$ref": "#/definitions/ContractInfo"
          }
        }
      }
    },
    "ContractInfo": {
      "required": [
        "RecipientName",
        "ContractDocument"
      ],
      "type": "object",
      "properties": {
        "RecipientName": {
          "type": "string"
        },
        "ContractDocument": {
          "type": "string"
        }
      }
    },
    "MainResult[SocialsDetailsResult]": {
      "type": "object",
      "properties": {
        "RequestIdentifier": {
          "format": "uuid",
          "type": "string",
          "readOnly": true,
          "example": "00000000-0000-0000-0000-000000000000"
        },
        "Status": {
          "$ref": "#/definitions/ResultStatus"
        },
        "Response": {
          "$ref": "#/definitions/SocialsDetailsResult"
        }
      }
    },
    "SocialsDetailsResult": {
      "type": "object",
      "properties": {
        "Name": {
          "type": "string"
        },
        "Surname": {
          "type": "string"
        },
        "Patronymic": {
          "type": "string"
        },
        "Social": {
          "type": "array",
          "items": {
            "$ref": "#/definitions/Socials"
          }
        }
      }
    },
    "Socials": {
      "type": "object",
      "properties": {
        "StartDate": {
          "type": "string"
        },
        "EndDate": {
          "type": "string"
        },
        "Amount": {
          "format": "double",
          "type": "number"
        }
      }
    },
    "MainResult[VINInfoResponse]": {
      "type": "object",
      "properties": {
        "RequestIdentifier": {
          "format": "uuid",
          "type": "string",
          "readOnly": true,
          "example": "00000000-0000-0000-0000-000000000000"
        },
        "Status": {
          "$ref": "#/definitions/ResultStatus"
        },
        "Response": {
          "$ref": "#/definitions/VINInfoResponse"
        }
      }
    },
    "VINInfoResponse": {
      "type": "object",
      "properties": {
        "AppNumber": {
          "type": "string"
        },
        "AttorneyNumber": {
          "type": "string"
        },
        "AttorneyIssuingDate": {
          "type": "string"
        },
        "Person": {
          "$ref": "#/definitions/PersonInfo"
        },
        "Documents": {
          "type": "array",
          "items": {
            "$ref": "#/definitions/DocumentInfo"
          }
        }
      }
    },
    "PersonInfo": {
      "type": "object",
      "properties": {
        "Nationality": {
          "type": "string"
        },
        "LivingCountry": {
          "type": "string"
        },
        "Name": {
          "type": "string"
        },
        "Surname": {
          "type": "string"
        },
        "Patronymic": {
          "type": "string"
        },
        "BirthDate": {
          "type": "string"
        },
        "Gender": {
          "type": "string"
        },
        "Photos": {
          "type": "array",
          "items": {
            "$ref": "#/definitions/ImageInfo"
          }
        }
      }
    },
    "DocumentInfo": {
      "type": "object",
      "properties": {
        "ID": {
          "format": "int64",
          "type": "integer"
        },
        "Type": {
          "type": "string"
        },
        "TypeDescription": {
          "type": "string"
        },
        "Number": {
          "type": "string"
        },
        "IssuingCountry": {
          "type": "string"
        },
        "ExpiryDate": {
          "type": "string"
        },
        "Photos": {
          "type": "array",
          "items": {
            "$ref": "#/definitions/ImageInfo"
          }
        }
      }
    },
    "ImageInfo": {
      "type": "object",
      "properties": {
        "ImageType": {
          "type": "string"
        },
        "ImageTypeDescription": {
          "type": "string"
        },
        "ImageStream": {
          "type": "string"
        }
      }
    },
    "MainResult[VoenInfoResponse]": {
      "type": "object",
      "properties": {
        "RequestIdentifier": {
          "format": "uuid",
          "type": "string",
          "readOnly": true,
          "example": "00000000-0000-0000-0000-000000000000"
        },
        "Status": {
          "$ref": "#/definitions/ResultStatus"
        },
        "Response": {
          "$ref": "#/definitions/VoenInfoResponse"
        }
      }
    },
    "VoenInfoResponse": {
      "type": "object",
      "properties": {
        "PayerType": {
          "$ref": "#/definitions/PayerType"
        },
        "NaturalPerson": {
          "$ref": "#/definitions/NaturalPerson"
        },
        "LegalEntity": {
          "$ref": "#/definitions/LegalEntity"
        },
        "VOENInfo": {
          "$ref": "#/definitions/VOENInfo"
        },
        "Chief": {
          "$ref": "#/definitions/Chief"
        }
      }
    },
    "PayerType": {
      "type": "object",
      "properties": {
        "Type": {
          "type": "string"
        },
        "Description": {
          "type": "string"
        }
      }
    },
    "NaturalPerson": {
      "type": "object",
      "properties": {
        "LegalAddress": {
          "type": "string"
        }
      }
    },
    "LegalEntity": {
      "type": "object",
      "properties": {
        "FullName": {
          "type": "string"
        },
        "LegalAddress": {
          "type": "string"
        },
        "FactualAddress": {
          "type": "array",
          "items": {
            "type": "string"
          }
        }
      }
    },
    "VOENInfo": {
      "required": [
        "VOEN",
        "State"
      ],
      "type": "object",
      "properties": {
        "VOEN": {
          "type": "string"
        },
        "CreateDate": {
          "type": "string"
        },
        "LastUpdateDate": {
          "type": "string"
        },
        "State": {
          "type": "string"
        },
        "StateDescription": {
          "type": "string"
        }
      }
    },
    "Chief": {
      "type": "object",
      "properties": {
        "Name": {
          "type": "string"
        },
        "Surname": {
          "type": "string"
        },
        "Patronymic": {
          "type": "string"
        }
      }
    }
  }
}