<?xml version="1.0" encoding="UTF-8"?><databases>
<database conName="B2CS" dbName="XE" defProduct="Oracle" defVersion="11" driverClass="oracle.jdbc.OracleDriver" driverDefinitionID="DriverDefn.org.eclipse.datatools.enablement.oracle.11.driverTemplate.Oracle 11 - Oracle Thin Driver Default" driverPath="C:\Oracle\product\10.2.0\Client\ojdbc5.jar" identifierDelimiter="&quot;" prodVersion="11" url="jdbc:oracle:thin:@192.168.98.238:1521:XE" xmlns="http://localhost" xmlns:tns="DBDescriptor" xmlns:xsi="http://www.w3.org/2001/XMLSchema-instance" xsi:schemaLocation="http://localhost ./DBDescriptor.xsd">
<property key="password" value="encoded:AQECAwUEBwcICQoLDg0ODRARFhcQERIXEBkaExQVHh8gMTIjJCU2NygpKissLS4vcHFyc3R1dnc4OTo7PD0+Pw=="/>
<property key="user" value="B2CS"/>
<property key="connectionProperties" value=""/>
<property key="defaultSchema" value=""/>
<property key="savePWD" value="true"/>
<property key="catalogType" value="USER"/>
<variable key="jdkHome" value=""/>
<variable key="jdkVersion" value=""/>
<variable key="databaseJreVersion" value=""/>
<variable key="wlmEnvironment" value=""/>
<variable key="runTimeOptions" value=""/>
</database>
</databases>