<?xml version="1.0" encoding="UTF-8"?><databases>
<database conName="FCJDR" dbName="FCJDR" defProduct="Oracle" defVersion="10" driverClass="oracle.jdbc.OracleDriver" driverDefinitionID="DriverDefn.org.eclipse.datatools.enablement.oracle.10.driverTemplate.Oracle 10 - Oracle Thin Driver Default" driverPath="C:\Oracle\product\10.2.0\Client\ojdbc5.jar;C:\Oracle\product\10.2.0\Client\ojdbc6.jar" identifierDelimiter="&quot;" prodVersion="10" url="jdbc:oracle:thin:@192.168.165.106:1521:FCJDR" xmlns="http://localhost" xmlns:tns="DBDescriptor" xmlns:xsi="http://www.w3.org/2001/XMLSchema-instance" xsi:schemaLocation="http://localhost ./DBDescriptor.xsd">
<property key="user" value="FCJLIVE"/>
<property key="connectionProperties" value=""/>
<property key="defaultSchema" value=""/>
<property key="savePWD" value="true"/>
<property key="catalogType" value="USER"/>
<variable key="jdkHome" value=""/>
<variable key="jdkVersion" value=""/>
<variable key="databaseJreVersion" value=""/>
<variable key="wlmEnvironment" value=""/>
<variable key="runTimeOptions" value=""/>
</database>
</databases>