<?xml version="1.0" encoding="UTF-8"?><databases>
<database conName="IBAAPP" dbName="IBARFCJ1_STBY2" defProduct="Oracle" defVersion="10" driverClass="oracle.jdbc.OracleDriver" driverDefinitionID="DriverDefn.org.eclipse.datatools.enablement.oracle.10.driverTemplate.Oracle 10 - Oracle Thin Driver Default" driverPath="C:\Oracle\product\10.2.0\Client\ojdbc5.jar;C:\Oracle\product\10.2.0\Client\ojdbc6.jar" identifierDelimiter="&quot;" prodVersion="10" url="jdbc:oracle:thin:@fcjlive1.dbit.ibar.az:1523:IBARFCJ1_STBY2" xmlns="http://localhost" xmlns:tns="DBDescriptor" xmlns:xsi="http://www.w3.org/2001/XMLSchema-instance" xsi:schemaLocation="http://localhost ./DBDescriptor.xsd">
<property key="password" value="encoded:AQEDAgUFBgcKCQgLDA0ODxAVEhMUHRYXEBkaGxwdHg8gMTIjJCUmJygpamtsbW5vcDEyMzQ1Njc="/>
<property key="user" value="IBA_APP"/>
<property key="connectionProperties" value=""/>
<property key="defaultSchema" value=""/>
<property key="savePWD" value="true"/>
<property key="catalogType" value="USER"/>
<variable key="jdkHome" value=""/>
<variable key="jdkVersion" value=""/>
<variable key="databaseJreVersion" value=""/>
<variable key="wlmEnvironment" value=""/>
<variable key="runTimeOptions" value=""/>
</database>
</databases>